[
		{
			"id" : 1,
			"menu_kind" : "1",
			"menu_name" : "예매",
			"menu_main" : "01",
			"menu_sub" : "00",
			"menu_small" : "00",
			"menu_type" : "1",
			"menu_url" : "reservation"
		},
		{
			"id" : 2,
			"menu_kind" : "2",
			"menu_name" : "예매하기",
			"menu_main" : "01",
			"menu_sub" : "01",
			"menu_small" : "00",
			"menu_type" : "1",
			"menu_url" : null
		},
		{
			"id" : 3,
			"menu_kind" : "2",
			"menu_name" : "상영시간표",
			"menu_main" : "01",
			"menu_sub" : "02",
			"menu_small" : "00",
			"menu_type" : "1",
			"menu_url" : null
		},
		{
			"id" : 4,
			"menu_kind" : "2",
			"menu_name" : "할인안내",
			"menu_main" : "01",
			"menu_sub" : "03",
			"menu_small" : "00",
			"menu_type" : "1",
			"menu_url" : null
		},
		{
			"id" : 5,
			"menu_kind" : "1",
			"menu_name" : "영화",
			"menu_main" : "02",
			"menu_sub" : "00",
			"menu_small" : "00",
			"menu_type" : "1",
			"menu_url" : "movie"
		},
		{
			"id" : 6,
			"menu_kind" : "2",
			"menu_name" : "홈",
			"menu_main" : "02",
			"menu_sub" : "01",
			"menu_small" : "00",
			"menu_type" : "1",
			"menu_url" : null
		},
		{
			"id" : 7,
			"menu_kind" : "2",
			"menu_name" : "현재상영작",
			"menu_main" : "02",
			"menu_sub" : "02",
			"menu_small" : "00",
			"menu_type" : "1",
			"menu_url" : null
		},
		{
			"id" : 8,
			"menu_kind" : "2",
			"menu_name" : "상영예정작",
			"menu_main" : "02",
			"menu_sub" : "03",
			"menu_small" : "00",
			"menu_type" : "1",
			"menu_url" : null
		},
		{
			"id" : 9,
			"menu_kind" : "2",
			"menu_name" : "아르떼",
			"menu_main" : "02",
			"menu_sub" : "04",
			"menu_small" : "00",
			"menu_type" : "1",
			"menu_url" : null
		},
		{
			"id" : 10,
			"menu_kind" : "1",
			"menu_name" : "영화관",
			"menu_main" : "03",
			"menu_sub" : "00",
			"menu_small" : "00",
			"menu_type" : "1",
			"menu_url" : "cinema"
		},
		{
			"id" : 11,
			"menu_kind" : "2",
			"menu_name" : "스페셜관",
			"menu_main" : "03",
			"menu_sub" : "02",
			"menu_small" : "00",
			"menu_type" : "1",
			"menu_url" : null
		},
		{
			"id" : 13,
			"menu_kind" : "3",
			"menu_name" : "샤롯데",
			"menu_main" : "03",
			"menu_sub" : "02",
			"menu_small" : "01",
			"menu_type" : "1",
			"menu_url" : null
		},
		{
			"id" : 14,
			"menu_kind" : "3",
			"menu_name" : "수퍼플렉스",
			"menu_main" : "03",
			"menu_sub" : "02",
			"menu_small" : "02",
			"menu_type" : "1",
			"menu_url" : null
		},
		{
			"id" : 15,
			"menu_kind" : "3",
			"menu_name" : "수퍼MX4D",
			"menu_main" : "03",
			"menu_sub" : "02",
			"menu_small" : "03",
			"menu_type" : "1",
			"menu_url" : null
		},
		{
			"id" : 16,
			"menu_kind" : "3",
			"menu_name" : "수퍼 4D",
			"menu_main" : "03",
			"menu_sub" : "02",
			"menu_small" : "04",
			"menu_type" : "1",
			"menu_url" : null
		},
		{
			"id" : 17,
			"menu_kind" : "3",
			"menu_name" : "수퍼LED",
			"menu_main" : "03",
			"menu_sub" : "02",
			"menu_small" : "05",
			"menu_type" : "1",
			"menu_url" : null
		},
		{
			"id" : 18,
			"menu_kind" : "3",
			"menu_name" : "광음시네마",
			"menu_main" : "03",
			"menu_sub" : "02",
			"menu_small" : "06",
			"menu_type" : "1",
			"menu_url" : null
		},
		{
			"id" : 19,
			"menu_kind" : "3",
			"menu_name" : "리클라이너",
			"menu_main" : "03",
			"menu_sub" : "02",
			"menu_small" : "07",
			"menu_type" : "1",
			"menu_url" : null
		},
		{
			"id" : 20,
			"menu_kind" : "3",
			"menu_name" : "씨네패밀리",
			"menu_main" : "03",
			"menu_sub" : "02",
			"menu_small" : "08",
			"menu_type" : "1",
			"menu_url" : null
		},
		{
			"id" : 21,
			"menu_kind" : "3",
			"menu_name" : "씨네커플",
			"menu_main" : "03",
			"menu_sub" : "02",
			"menu_small" : "09",
			"menu_type" : "1",
			"menu_url" : null
		},
		{
			"id" : 22,
			"menu_kind" : "3",
			"menu_name" : "씨네비즈",
			"menu_main" : "03",
			"menu_sub" : "02",
			"menu_small" : "10",
			"menu_type" : "1",
			"menu_url" : null
		},
		{
			"id" : 23,
			"menu_kind" : "2",
			"menu_name" : "서울",
			"menu_main" : "03",
			"menu_sub" : "03",
			"menu_small" : "00",
			"menu_type" : "1",
			"menu_url" : null
		},
		{
			"id" : 24,
			"menu_kind" : "3",
			"menu_name" : "가산디지털",
			"menu_main" : "03",
			"menu_sub" : "03",
			"menu_small" : "01",
			"menu_type" : "1",
			"menu_url" : null
		},
		{
			"id" : 25,
			"menu_kind" : "3",
			"menu_name" : "가양",
			"menu_main" : "03",
			"menu_sub" : "03",
			"menu_small" : "02",
			"menu_type" : "1",
			"menu_url" : null
		},
		{
			"id" : 26,
			"menu_kind" : "3",
			"menu_name" : "강동",
			"menu_main" : "03",
			"menu_sub" : "03",
			"menu_small" : "03",
			"menu_type" : "1",
			"menu_url" : null
		},
		{
			"id" : 27,
			"menu_kind" : "3",
			"menu_name" : "건대입구",
			"menu_main" : "03",
			"menu_sub" : "03",
			"menu_small" : "04",
			"menu_type" : "1",
			"menu_url" : null
		},
		{
			"id" : 28,
			"menu_kind" : "3",
			"menu_name" : "김포공항",
			"menu_main" : "03",
			"menu_sub" : "03",
			"menu_small" : "05",
			"menu_type" : "1",
			"menu_url" : null
		},
		{
			"id" : 29,
			"menu_kind" : "3",
			"menu_name" : "노원",
			"menu_main" : "03",
			"menu_sub" : "03",
			"menu_small" : "06",
			"menu_type" : "1",
			"menu_url" : null
		},
		{
			"id" : 30,
			"menu_kind" : "3",
			"menu_name" : "도곡",
			"menu_main" : "03",
			"menu_sub" : "03",
			"menu_small" : "07",
			"menu_type" : "1",
			"menu_url" : null
		},
		{
			"id" : 31,
			"menu_kind" : "3",
			"menu_name" : "독산",
			"menu_main" : "03",
			"menu_sub" : "03",
			"menu_small" : "08",
			"menu_type" : "1",
			"menu_url" : null
		},
		{
			"id" : 32,
			"menu_kind" : "3",
			"menu_name" : "서울대입구",
			"menu_main" : "03",
			"menu_sub" : "03",
			"menu_small" : "09",
			"menu_type" : "1",
			"menu_url" : null
		},
		{
			"id" : 33,
			"menu_kind" : "3",
			"menu_name" : "수락산",
			"menu_main" : "03",
			"menu_sub" : "03",
			"menu_small" : "10",
			"menu_type" : "1",
			"menu_url" : null
		},
		{
			"id" : 34,
			"menu_kind" : "3",
			"menu_name" : "수유",
			"menu_main" : "03",
			"menu_sub" : "03",
			"menu_small" : "11",
			"menu_type" : "1",
			"menu_url" : null
		},
		{
			"id" : 35,
			"menu_kind" : "3",
			"menu_name" : "신대방(구로디지털역)",
			"menu_main" : "03",
			"menu_sub" : "03",
			"menu_small" : "12",
			"menu_type" : "1",
			"menu_url" : null
		},
		{
			"id" : 36,
			"menu_kind" : "3",
			"menu_name" : "신도림",
			"menu_main" : "03",
			"menu_sub" : "03",
			"menu_small" : "13",
			"menu_type" : "1",
			"menu_url" : null
		},
		{
			"id" : 37,
			"menu_kind" : "3",
			"menu_name" : "신림",
			"menu_main" : "03",
			"menu_sub" : "03",
			"menu_small" : "14",
			"menu_type" : "1",
			"menu_url" : null
		},
		{
			"id" : 38,
			"menu_kind" : "3",
			"menu_name" : "에비뉴엘(명동)",
			"menu_main" : "03",
			"menu_sub" : "03",
			"menu_small" : "15",
			"menu_type" : "1",
			"menu_url" : null
		},
		{
			"id" : 39,
			"menu_kind" : "3",
			"menu_name" : "영등포",
			"menu_main" : "03",
			"menu_sub" : "03",
			"menu_small" : "16",
			"menu_type" : "1",
			"menu_url" : null
		},
		{
			"id" : 40,
			"menu_kind" : "3",
			"menu_name" : "용산",
			"menu_main" : "03",
			"menu_sub" : "03",
			"menu_small" : "17",
			"menu_type" : "1",
			"menu_url" : null
		},
		{
			"id" : 41,
			"menu_kind" : "3",
			"menu_name" : "월드타워",
			"menu_main" : "03",
			"menu_sub" : "03",
			"menu_small" : "18",
			"menu_type" : "1",
			"menu_url" : null
		},
		{
			"id" : 42,
			"menu_kind" : "3",
			"menu_name" : "은평(롯데몰)",
			"menu_main" : "03",
			"menu_sub" : "03",
			"menu_small" : "19",
			"menu_type" : "1",
			"menu_url" : null
		},
		{
			"id" : 43,
			"menu_kind" : "3",
			"menu_name" : "중랑",
			"menu_main" : "03",
			"menu_sub" : "03",
			"menu_small" : "20",
			"menu_type" : "1",
			"menu_url" : null
		},
		{
			"id" : 44,
			"menu_kind" : "3",
			"menu_name" : "청량리",
			"menu_main" : "03",
			"menu_sub" : "03",
			"menu_small" : "21",
			"menu_type" : "1",
			"menu_url" : null
		},
		{
			"id" : 45,
			"menu_kind" : "3",
			"menu_name" : "합정",
			"menu_main" : "03",
			"menu_sub" : "03",
			"menu_small" : "22",
			"menu_type" : "1",
			"menu_url" : null
		},
		{
			"id" : 46,
			"menu_kind" : "3",
			"menu_name" : "홍대입구",
			"menu_main" : "03",
			"menu_sub" : "03",
			"menu_small" : "23",
			"menu_type" : "1",
			"menu_url" : null
		},
		{
			"id" : 47,
			"menu_kind" : "2",
			"menu_name" : "경기\/인천",
			"menu_main" : "03",
			"menu_sub" : "04",
			"menu_small" : "00",
			"menu_type" : "1",
			"menu_url" : null
		},
		{
			"id" : 48,
			"menu_kind" : "3",
			"menu_name" : "광교아울렛",
			"menu_main" : "03",
			"menu_sub" : "04",
			"menu_small" : "01",
			"menu_type" : "1",
			"menu_url" : null
		},
		{
			"id" : 49,
			"menu_kind" : "3",
			"menu_name" : "광명(광명사거리)",
			"menu_main" : "03",
			"menu_sub" : "04",
			"menu_small" : "02",
			"menu_type" : "1",
			"menu_url" : null
		},
		{
			"id" : 50,
			"menu_kind" : "3",
			"menu_name" : "광명아울렛",
			"menu_main" : "03",
			"menu_sub" : "04",
			"menu_small" : "03",
			"menu_type" : "1",
			"menu_url" : null
		},
		{
			"id" : 51,
			"menu_kind" : "3",
			"menu_name" : "광주터미널",
			"menu_main" : "03",
			"menu_sub" : "04",
			"menu_small" : "04",
			"menu_type" : "1",
			"menu_url" : null
		},
		{
			"id" : 52,
			"menu_kind" : "3",
			"menu_name" : "구리아울렛",
			"menu_main" : "03",
			"menu_sub" : "04",
			"menu_small" : "05",
			"menu_type" : "1",
			"menu_url" : null
		},
		{
			"id" : 53,
			"menu_kind" : "3",
			"menu_name" : "동탄",
			"menu_main" : "03",
			"menu_sub" : "04",
			"menu_small" : "06",
			"menu_type" : "1",
			"menu_url" : null
		},
		{
			"id" : 54,
			"menu_kind" : "3",
			"menu_name" : "라페스타",
			"menu_main" : "03",
			"menu_sub" : "04",
			"menu_small" : "07",
			"menu_type" : "1",
			"menu_url" : null
		},
		{
			"id" : 55,
			"menu_kind" : "3",
			"menu_name" : "마석",
			"menu_main" : "03",
			"menu_sub" : "04",
			"menu_small" : "08",
			"menu_type" : "1",
			"menu_url" : null
		},
		{
			"id" : 56,
			"menu_kind" : "3",
			"menu_name" : "별내",
			"menu_main" : "03",
			"menu_sub" : "04",
			"menu_small" : "09",
			"menu_type" : "1",
			"menu_url" : null
		},
		{
			"id" : 57,
			"menu_kind" : "3",
			"menu_name" : "병점",
			"menu_main" : "03",
			"menu_sub" : "04",
			"menu_small" : "10",
			"menu_type" : "1",
			"menu_url" : null
		},
		{
			"id" : 58,
			"menu_kind" : "3",
			"menu_name" : "부천(신중동역)",
			"menu_main" : "03",
			"menu_sub" : "04",
			"menu_small" : "11",
			"menu_type" : "1",
			"menu_url" : null
		},
		{
			"id" : 59,
			"menu_kind" : "3",
			"menu_name" : "부천역",
			"menu_main" : "03",
			"menu_sub" : "04",
			"menu_small" : "12",
			"menu_type" : "1",
			"menu_url" : null
		},
		{
			"id" : 60,
			"menu_kind" : "3",
			"menu_name" : "부평",
			"menu_main" : "03",
			"menu_sub" : "04",
			"menu_small" : "13",
			"menu_type" : "1",
			"menu_url" : null
		},
		{
			"id" : 61,
			"menu_kind" : "3",
			"menu_name" : "부평갈산",
			"menu_main" : "03",
			"menu_sub" : "04",
			"menu_small" : "14",
			"menu_type" : "1",
			"menu_url" : null
		},
		{
			"id" : 62,
			"menu_kind" : "3",
			"menu_name" : "부평역사",
			"menu_main" : "03",
			"menu_sub" : "04",
			"menu_small" : "15",
			"menu_type" : "1",
			"menu_url" : null
		},
		{
			"id" : 63,
			"menu_kind" : "3",
			"menu_name" : "북수원(천천동)",
			"menu_main" : "03",
			"menu_sub" : "04",
			"menu_small" : "16",
			"menu_type" : "1",
			"menu_url" : null
		},
		{
			"id" : 64,
			"menu_kind" : "3",
			"menu_name" : "산본피트인",
			"menu_main" : "03",
			"menu_sub" : "04",
			"menu_small" : "17",
			"menu_type" : "1",
			"menu_url" : null
		},
		{
			"id" : 65,
			"menu_kind" : "3",
			"menu_name" : "서수원",
			"menu_main" : "03",
			"menu_sub" : "04",
			"menu_small" : "18",
			"menu_type" : "1",
			"menu_url" : null
		},
		{
			"id" : 66,
			"menu_kind" : "3",
			"menu_name" : "성남중앙(신흥역)",
			"menu_main" : "03",
			"menu_sub" : "04",
			"menu_small" : "19",
			"menu_type" : "1",
			"menu_url" : null
		},
		{
			"id" : 67,
			"menu_kind" : "3",
			"menu_name" : "센트럴락",
			"menu_main" : "03",
			"menu_sub" : "04",
			"menu_small" : "20",
			"menu_type" : "1",
			"menu_url" : null
		},
		{
			"id" : 68,
			"menu_kind" : "3",
			"menu_name" : "송탄",
			"menu_main" : "03",
			"menu_sub" : "04",
			"menu_small" : "21",
			"menu_type" : "1",
			"menu_url" : null
		},
		{
			"id" : 69,
			"menu_kind" : "3",
			"menu_name" : "수원(수원역)",
			"menu_main" : "03",
			"menu_sub" : "04",
			"menu_small" : "22",
			"menu_type" : "1",
			"menu_url" : null
		},
		{
			"id" : 70,
			"menu_kind" : "3",
			"menu_name" : "수지",
			"menu_main" : "03",
			"menu_sub" : "04",
			"menu_small" : "23",
			"menu_type" : "1",
			"menu_url" : null
		},
		{
			"id" : 71,
			"menu_kind" : "3",
			"menu_name" : "시화(정왕역)",
			"menu_main" : "03",
			"menu_sub" : "04",
			"menu_small" : "24",
			"menu_type" : "1",
			"menu_url" : null
		},
		{
			"id" : 72,
			"menu_kind" : "3",
			"menu_name" : "시흥장현",
			"menu_main" : "03",
			"menu_sub" : "04",
			"menu_small" : "25",
			"menu_type" : "1",
			"menu_url" : null
		},
		{
			"id" : 73,
			"menu_kind" : "3",
			"menu_name" : "안산",
			"menu_main" : "03",
			"menu_sub" : "04",
			"menu_small" : "26",
			"menu_type" : "1",
			"menu_url" : null
		},
		{
			"id" : 74,
			"menu_kind" : "3",
			"menu_name" : "안산고잔",
			"menu_main" : "03",
			"menu_sub" : "04",
			"menu_small" : "27",
			"menu_type" : "1",
			"menu_url" : null
		},
		{
			"id" : 75,
			"menu_kind" : "3",
			"menu_name" : "안성",
			"menu_main" : "03",
			"menu_sub" : "04",
			"menu_small" : "28",
			"menu_type" : "1",
			"menu_url" : null
		},
		{
			"id" : 76,
			"menu_kind" : "3",
			"menu_name" : "안양(안양역)",
			"menu_main" : "03",
			"menu_sub" : "04",
			"menu_small" : "29",
			"menu_type" : "1",
			"menu_url" : null
		},
		{
			"id" : 77,
			"menu_kind" : "3",
			"menu_name" : "안양일번가",
			"menu_main" : "03",
			"menu_sub" : "04",
			"menu_small" : "30",
			"menu_type" : "1",
			"menu_url" : null
		},
		{
			"id" : 78,
			"menu_kind" : "3",
			"menu_name" : "오산원동",
			"menu_main" : "03",
			"menu_sub" : "04",
			"menu_small" : "31",
			"menu_type" : "1",
			"menu_url" : null
		},
		{
			"id" : 79,
			"menu_kind" : "3",
			"menu_name" : "용인기흥",
			"menu_main" : "03",
			"menu_sub" : "04",
			"menu_small" : "32",
			"menu_type" : "1",
			"menu_url" : null
		},
		{
			"id" : 80,
			"menu_kind" : "3",
			"menu_name" : "용인역북",
			"menu_main" : "03",
			"menu_sub" : "04",
			"menu_small" : "33",
			"menu_type" : "1",
			"menu_url" : null
		},
		{
			"id" : 81,
			"menu_kind" : "3",
			"menu_name" : "위례",
			"menu_main" : "03",
			"menu_sub" : "04",
			"menu_small" : "34",
			"menu_type" : "1",
			"menu_url" : null
		},
		{
			"id" : 82,
			"menu_kind" : "3",
			"menu_name" : "의정부민락",
			"menu_main" : "03",
			"menu_sub" : "04",
			"menu_small" : "35",
			"menu_type" : "1",
			"menu_url" : null
		},
		{
			"id" : 83,
			"menu_kind" : "3",
			"menu_name" : "인덕원",
			"menu_main" : "03",
			"menu_sub" : "04",
			"menu_small" : "36",
			"menu_type" : "1",
			"menu_url" : null
		},
		{
			"id" : 84,
			"menu_kind" : "3",
			"menu_name" : "인천아시아드",
			"menu_main" : "03",
			"menu_sub" : "04",
			"menu_small" : "37",
			"menu_type" : "1",
			"menu_url" : null
		},
		{
			"id" : 85,
			"menu_kind" : "3",
			"menu_name" : "인천터미널",
			"menu_main" : "03",
			"menu_sub" : "04",
			"menu_small" : "38",
			"menu_type" : "1",
			"menu_url" : null
		},
		{
			"id" : 86,
			"menu_kind" : "3",
			"menu_name" : "주엽",
			"menu_main" : "03",
			"menu_sub" : "04",
			"menu_small" : "39",
			"menu_type" : "1",
			"menu_url" : null
		},
		{
			"id" : 87,
			"menu_kind" : "3",
			"menu_name" : "진접",
			"menu_main" : "03",
			"menu_sub" : "04",
			"menu_small" : "40",
			"menu_type" : "1",
			"menu_url" : null
		},
		{
			"id" : 88,
			"menu_kind" : "3",
			"menu_name" : "파주롯데아울렛",
			"menu_main" : "03",
			"menu_sub" : "04",
			"menu_small" : "41",
			"menu_type" : "1",
			"menu_url" : null
		},
		{
			"id" : 89,
			"menu_kind" : "3",
			"menu_name" : "파주운정",
			"menu_main" : "03",
			"menu_sub" : "04",
			"menu_small" : "42",
			"menu_type" : "1",
			"menu_url" : null
		},
		{
			"id" : 90,
			"menu_kind" : "3",
			"menu_name" : "판교(창조경제밸리)",
			"menu_main" : "03",
			"menu_sub" : "04",
			"menu_small" : "43",
			"menu_type" : "1",
			"menu_url" : null
		},
		{
			"id" : 91,
			"menu_kind" : "3",
			"menu_name" : "평촌(범계역)",
			"menu_main" : "03",
			"menu_sub" : "04",
			"menu_small" : "44",
			"menu_type" : "1",
			"menu_url" : null
		},
		{
			"id" : 92,
			"menu_kind" : "3",
			"menu_name" : "하남미사",
			"menu_main" : "03",
			"menu_sub" : "04",
			"menu_small" : "45",
			"menu_type" : "1",
			"menu_url" : null
		},
		{
			"id" : 93,
			"menu_kind" : "3",
			"menu_name" : "향남",
			"menu_main" : "03",
			"menu_sub" : "04",
			"menu_small" : "46",
			"menu_type" : "1",
			"menu_url" : null
		},
		{
			"id" : 94,
			"menu_kind" : "2",
			"menu_name" : "충청\/대전",
			"menu_main" : "03",
			"menu_sub" : "05",
			"menu_small" : "00",
			"menu_type" : "1",
			"menu_url" : null
		},
		{
			"id" : 95,
			"menu_kind" : "3",
			"menu_name" : "당진",
			"menu_main" : "03",
			"menu_sub" : "05",
			"menu_small" : "01",
			"menu_type" : "1",
			"menu_url" : null
		},
		{
			"id" : 96,
			"menu_kind" : "3",
			"menu_name" : "대전(백화점)",
			"menu_main" : "03",
			"menu_sub" : "05",
			"menu_small" : "02",
			"menu_type" : "1",
			"menu_url" : null
		},
		{
			"id" : 97,
			"menu_kind" : "3",
			"menu_name" : "대전관저",
			"menu_main" : "03",
			"menu_sub" : "05",
			"menu_small" : "03",
			"menu_type" : "1",
			"menu_url" : null
		},
		{
			"id" : 98,
			"menu_kind" : "3",
			"menu_name" : "대전센트럴",
			"menu_main" : "03",
			"menu_sub" : "05",
			"menu_small" : "04",
			"menu_type" : "1",
			"menu_url" : null
		},
		{
			"id" : 99,
			"menu_kind" : "3",
			"menu_name" : "서산",
			"menu_main" : "03",
			"menu_sub" : "05",
			"menu_small" : "05",
			"menu_type" : "1",
			"menu_url" : null
		},
		{
			"id" : 100,
			"menu_kind" : "3",
			"menu_name" : "서청주(아울렛)",
			"menu_main" : "03",
			"menu_sub" : "05",
			"menu_small" : "06",
			"menu_type" : "1",
			"menu_url" : null
		},
		{
			"id" : 101,
			"menu_kind" : "3",
			"menu_name" : "아산터미널",
			"menu_main" : "03",
			"menu_sub" : "05",
			"menu_small" : "07",
			"menu_type" : "1",
			"menu_url" : null
		},
		{
			"id" : 102,
			"menu_kind" : "3",
			"menu_name" : "오송",
			"menu_main" : "03",
			"menu_sub" : "05",
			"menu_small" : "08",
			"menu_type" : "1",
			"menu_url" : null
		},
		{
			"id" : 103,
			"menu_kind" : "3",
			"menu_name" : "천안불당",
			"menu_main" : "03",
			"menu_sub" : "05",
			"menu_small" : "09",
			"menu_type" : "1",
			"menu_url" : null
		},
		{
			"id" : 104,
			"menu_kind" : "3",
			"menu_name" : "천안청당",
			"menu_main" : "03",
			"menu_sub" : "05",
			"menu_small" : "10",
			"menu_type" : "1",
			"menu_url" : null
		},
		{
			"id" : 105,
			"menu_kind" : "3",
			"menu_name" : "청주용암",
			"menu_main" : "03",
			"menu_sub" : "05",
			"menu_small" : "11",
			"menu_type" : "1",
			"menu_url" : null
		},
		{
			"id" : 106,
			"menu_kind" : "3",
			"menu_name" : "충주(모다아울렛)",
			"menu_main" : "03",
			"menu_sub" : "05",
			"menu_small" : "12",
			"menu_type" : "1",
			"menu_url" : null
		},
		{
			"id" : 107,
			"menu_kind" : "2",
			"menu_name" : "전라\/광주",
			"menu_main" : "03",
			"menu_sub" : "06",
			"menu_small" : "00",
			"menu_type" : "1",
			"menu_url" : null
		},
		{
			"id" : 108,
			"menu_kind" : "3",
			"menu_name" : "광주(백화점)",
			"menu_main" : "03",
			"menu_sub" : "06",
			"menu_small" : "01",
			"menu_type" : "1",
			"menu_url" : null
		},
		{
			"id" : 109,
			"menu_kind" : "3",
			"menu_name" : "광주광산",
			"menu_main" : "03",
			"menu_sub" : "06",
			"menu_small" : "02",
			"menu_type" : "1",
			"menu_url" : null
		},
		{
			"id" : 110,
			"menu_kind" : "3",
			"menu_name" : "광주첨단",
			"menu_main" : "03",
			"menu_sub" : "06",
			"menu_small" : "03",
			"menu_type" : "1",
			"menu_url" : null
		},
		{
			"id" : 111,
			"menu_kind" : "3",
			"menu_name" : "군산나운",
			"menu_main" : "03",
			"menu_sub" : "06",
			"menu_small" : "04",
			"menu_type" : "1",
			"menu_url" : null
		},
		{
			"id" : 112,
			"menu_kind" : "3",
			"menu_name" : "군산몰",
			"menu_main" : "03",
			"menu_sub" : "06",
			"menu_small" : "05",
			"menu_type" : "1",
			"menu_url" : null
		},
		{
			"id" : 113,
			"menu_kind" : "3",
			"menu_name" : "수완(아울렛)",
			"menu_main" : "03",
			"menu_sub" : "06",
			"menu_small" : "06",
			"menu_type" : "1",
			"menu_url" : null
		},
		{
			"id" : 114,
			"menu_kind" : "3",
			"menu_name" : "익산모현",
			"menu_main" : "03",
			"menu_sub" : "06",
			"menu_small" : "07",
			"menu_type" : "1",
			"menu_url" : null
		},
		{
			"id" : 115,
			"menu_kind" : "3",
			"menu_name" : "전주(백화점)",
			"menu_main" : "03",
			"menu_sub" : "06",
			"menu_small" : "08",
			"menu_type" : "1",
			"menu_url" : null
		},
		{
			"id" : 116,
			"menu_kind" : "3",
			"menu_name" : "전주송천",
			"menu_main" : "03",
			"menu_sub" : "06",
			"menu_small" : "09",
			"menu_type" : "1",
			"menu_url" : null
		},
		{
			"id" : 117,
			"menu_kind" : "3",
			"menu_name" : "전주평화",
			"menu_main" : "03",
			"menu_sub" : "06",
			"menu_small" : "10",
			"menu_type" : "1",
			"menu_url" : null
		},
		{
			"id" : 118,
			"menu_kind" : "3",
			"menu_name" : "충장로",
			"menu_main" : "03",
			"menu_sub" : "06",
			"menu_small" : "11",
			"menu_type" : "1",
			"menu_url" : null
		},
		{
			"id" : 119,
			"menu_kind" : "2",
			"menu_name" : "경북\/대구",
			"menu_main" : "03",
			"menu_sub" : "07",
			"menu_small" : "00",
			"menu_type" : "1",
			"menu_url" : null
		},
		{
			"id" : 120,
			"menu_kind" : "3",
			"menu_name" : "경주",
			"menu_main" : "03",
			"menu_sub" : "07",
			"menu_small" : "01",
			"menu_type" : "1",
			"menu_url" : null
		},
		{
			"id" : 121,
			"menu_kind" : "3",
			"menu_name" : "경주황성",
			"menu_main" : "03",
			"menu_sub" : "07",
			"menu_small" : "02",
			"menu_type" : "1",
			"menu_url" : null
		},
		{
			"id" : 122,
			"menu_kind" : "3",
			"menu_name" : "구미공단",
			"menu_main" : "03",
			"menu_sub" : "07",
			"menu_small" : "03",
			"menu_type" : "1",
			"menu_url" : null
		},
		{
			"id" : 123,
			"menu_kind" : "3",
			"menu_name" : "대구광장",
			"menu_main" : "03",
			"menu_sub" : "07",
			"menu_small" : "04",
			"menu_type" : "1",
			"menu_url" : null
		},
		{
			"id" : 124,
			"menu_kind" : "3",
			"menu_name" : "대구율하",
			"menu_main" : "03",
			"menu_sub" : "07",
			"menu_small" : "05",
			"menu_type" : "1",
			"menu_url" : null
		},
		{
			"id" : 125,
			"menu_kind" : "3",
			"menu_name" : "대구현풍",
			"menu_main" : "03",
			"menu_sub" : "07",
			"menu_small" : "06",
			"menu_type" : "1",
			"menu_url" : null
		},
		{
			"id" : 126,
			"menu_kind" : "3",
			"menu_name" : "동성로",
			"menu_main" : "03",
			"menu_sub" : "07",
			"menu_small" : "07",
			"menu_type" : "1",
			"menu_url" : null
		},
		{
			"id" : 127,
			"menu_kind" : "3",
			"menu_name" : "상인",
			"menu_main" : "03",
			"menu_sub" : "07",
			"menu_small" : "08",
			"menu_type" : "1",
			"menu_url" : null
		},
		{
			"id" : 128,
			"menu_kind" : "3",
			"menu_name" : "상주",
			"menu_main" : "03",
			"menu_sub" : "07",
			"menu_small" : "09",
			"menu_type" : "1",
			"menu_url" : null
		},
		{
			"id" : 129,
			"menu_kind" : "3",
			"menu_name" : "성서",
			"menu_main" : "03",
			"menu_sub" : "07",
			"menu_small" : "10",
			"menu_type" : "1",
			"menu_url" : null
		},
		{
			"id" : 130,
			"menu_kind" : "3",
			"menu_name" : "영주",
			"menu_main" : "03",
			"menu_sub" : "07",
			"menu_small" : "11",
			"menu_type" : "1",
			"menu_url" : null
		},
		{
			"id" : 131,
			"menu_kind" : "3",
			"menu_name" : "영천",
			"menu_main" : "03",
			"menu_sub" : "07",
			"menu_small" : "12",
			"menu_type" : "1",
			"menu_url" : null
		},
		{
			"id" : 132,
			"menu_kind" : "3",
			"menu_name" : "포항",
			"menu_main" : "03",
			"menu_sub" : "07",
			"menu_small" : "13",
			"menu_type" : "1",
			"menu_url" : null
		},
		{
			"id" : 133,
			"menu_kind" : "3",
			"menu_name" : "프리미엄구미센트럴",
			"menu_main" : "03",
			"menu_sub" : "07",
			"menu_small" : "14",
			"menu_type" : "1",
			"menu_url" : null
		},
		{
			"id" : 134,
			"menu_kind" : "3",
			"menu_name" : "프리미엄안동",
			"menu_main" : "03",
			"menu_sub" : "07",
			"menu_small" : "15",
			"menu_type" : "1",
			"menu_url" : null
		},
		{
			"id" : 135,
			"menu_kind" : "3",
			"menu_name" : "프리미엄칠곡",
			"menu_main" : "03",
			"menu_sub" : "07",
			"menu_small" : "16",
			"menu_type" : "1",
			"menu_url" : null
		},
		{
			"id" : 136,
			"menu_kind" : "2",
			"menu_name" : "경남\/부산\/울산",
			"menu_main" : "03",
			"menu_sub" : "08",
			"menu_small" : "00",
			"menu_type" : "1",
			"menu_url" : null
		},
		{
			"id" : 137,
			"menu_kind" : "3",
			"menu_name" : "거창",
			"menu_main" : "03",
			"menu_sub" : "08",
			"menu_small" : "01",
			"menu_type" : "1",
			"menu_url" : null
		},
		{
			"id" : 138,
			"menu_kind" : "3",
			"menu_name" : "광복",
			"menu_main" : "03",
			"menu_sub" : "08",
			"menu_small" : "02",
			"menu_type" : "1",
			"menu_url" : null
		},
		{
			"id" : 139,
			"menu_kind" : "3",
			"menu_name" : "김해부원",
			"menu_main" : "03",
			"menu_sub" : "08",
			"menu_small" : "03",
			"menu_type" : "1",
			"menu_url" : null
		},
		{
			"id" : 140,
			"menu_kind" : "3",
			"menu_name" : "김해아울렛(장유)",
			"menu_main" : "03",
			"menu_sub" : "08",
			"menu_small" : "04",
			"menu_type" : "1",
			"menu_url" : null
		},
		{
			"id" : 141,
			"menu_kind" : "3",
			"menu_name" : "동래",
			"menu_main" : "03",
			"menu_sub" : "08",
			"menu_small" : "05",
			"menu_type" : "1",
			"menu_url" : null
		},
		{
			"id" : 142,
			"menu_kind" : "3",
			"menu_name" : "동부산아울렛",
			"menu_main" : "03",
			"menu_sub" : "08",
			"menu_small" : "06",
			"menu_type" : "1",
			"menu_url" : null
		},
		{
			"id" : 143,
			"menu_kind" : "3",
			"menu_name" : "마산(합성동)",
			"menu_main" : "03",
			"menu_sub" : "08",
			"menu_small" : "07",
			"menu_type" : "1",
			"menu_url" : null
		},
		{
			"id" : 144,
			"menu_kind" : "3",
			"menu_name" : "부산명지",
			"menu_main" : "03",
			"menu_sub" : "08",
			"menu_small" : "08",
			"menu_type" : "1",
			"menu_url" : null
		},
		{
			"id" : 145,
			"menu_kind" : "3",
			"menu_name" : "부산본점",
			"menu_main" : "03",
			"menu_sub" : "08",
			"menu_small" : "09",
			"menu_type" : "1",
			"menu_url" : null
		},
		{
			"id" : 146,
			"menu_kind" : "3",
			"menu_name" : "부산장림",
			"menu_main" : "03",
			"menu_sub" : "08",
			"menu_small" : "10",
			"menu_type" : "1",
			"menu_url" : null
		},
		{
			"id" : 147,
			"menu_kind" : "3",
			"menu_name" : "사천",
			"menu_main" : "03",
			"menu_sub" : "08",
			"menu_small" : "11",
			"menu_type" : "1",
			"menu_url" : null
		},
		{
			"id" : 148,
			"menu_kind" : "3",
			"menu_name" : "서면(전포동)(종료)",
			"menu_main" : "03",
			"menu_sub" : "08",
			"menu_small" : "12",
			"menu_type" : "1",
			"menu_url" : null
		},
		{
			"id" : 149,
			"menu_kind" : "3",
			"menu_name" : "센텀시티",
			"menu_main" : "03",
			"menu_sub" : "08",
			"menu_small" : "13",
			"menu_type" : "1",
			"menu_url" : null
		},
		{
			"id" : 150,
			"menu_kind" : "3",
			"menu_name" : "양산물금",
			"menu_main" : "03",
			"menu_sub" : "08",
			"menu_small" : "14",
			"menu_type" : "1",
			"menu_url" : null
		},
		{
			"id" : 151,
			"menu_kind" : "3",
			"menu_name" : "엠비씨네(진주)",
			"menu_main" : "03",
			"menu_sub" : "08",
			"menu_small" : "15",
			"menu_type" : "1",
			"menu_url" : null
		},
		{
			"id" : 152,
			"menu_kind" : "3",
			"menu_name" : "오투(부산대)",
			"menu_main" : "03",
			"menu_sub" : "08",
			"menu_small" : "16",
			"menu_type" : "1",
			"menu_url" : null
		},
		{
			"id" : 153,
			"menu_kind" : "3",
			"menu_name" : "울산(백화점)",
			"menu_main" : "03",
			"menu_sub" : "08",
			"menu_small" : "17",
			"menu_type" : "1",
			"menu_url" : null
		},
		{
			"id" : 154,
			"menu_kind" : "3",
			"menu_name" : "울산성남",
			"menu_main" : "03",
			"menu_sub" : "08",
			"menu_small" : "18",
			"menu_type" : "1",
			"menu_url" : null
		},
		{
			"id" : 155,
			"menu_kind" : "3",
			"menu_name" : "진주혁신(롯데몰)",
			"menu_main" : "03",
			"menu_sub" : "08",
			"menu_small" : "19",
			"menu_type" : "1",
			"menu_url" : null
		},
		{
			"id" : 156,
			"menu_kind" : "3",
			"menu_name" : "진해",
			"menu_main" : "03",
			"menu_sub" : "08",
			"menu_small" : "20",
			"menu_type" : "1",
			"menu_url" : null
		},
		{
			"id" : 157,
			"menu_kind" : "3",
			"menu_name" : "창원",
			"menu_main" : "03",
			"menu_sub" : "08",
			"menu_small" : "21",
			"menu_type" : "1",
			"menu_url" : null
		},
		{
			"id" : 158,
			"menu_kind" : "3",
			"menu_name" : "통영",
			"menu_main" : "03",
			"menu_sub" : "08",
			"menu_small" : "22",
			"menu_type" : "1",
			"menu_url" : null
		},
		{
			"id" : 159,
			"menu_kind" : "3",
			"menu_name" : "프리미엄경남대",
			"menu_main" : "03",
			"menu_sub" : "08",
			"menu_small" : "23",
			"menu_type" : "1",
			"menu_url" : null
		},
		{
			"id" : 160,
			"menu_kind" : "3",
			"menu_name" : "프리미엄해운대(장산역)",
			"menu_main" : "03",
			"menu_sub" : "08",
			"menu_small" : "24",
			"menu_type" : "1",
			"menu_url" : null
		},
		{
			"id" : 161,
			"menu_kind" : "2",
			"menu_name" : "강원",
			"menu_main" : "03",
			"menu_sub" : "09",
			"menu_small" : "00",
			"menu_type" : "1",
			"menu_url" : null
		},
		{
			"id" : 162,
			"menu_kind" : "3",
			"menu_name" : "강릉",
			"menu_main" : "03",
			"menu_sub" : "09",
			"menu_small" : "01",
			"menu_type" : "1",
			"menu_url" : null
		},
		{
			"id" : 163,
			"menu_kind" : "3",
			"menu_name" : "남원주",
			"menu_main" : "03",
			"menu_sub" : "09",
			"menu_small" : "02",
			"menu_type" : "1",
			"menu_url" : null
		},
		{
			"id" : 164,
			"menu_kind" : "3",
			"menu_name" : "동해",
			"menu_main" : "03",
			"menu_sub" : "09",
			"menu_small" : "03",
			"menu_type" : "1",
			"menu_url" : null
		},
		{
			"id" : 165,
			"menu_kind" : "3",
			"menu_name" : "원주무실",
			"menu_main" : "03",
			"menu_sub" : "09",
			"menu_small" : "04",
			"menu_type" : "1",
			"menu_url" : null
		},
		{
			"id" : 166,
			"menu_kind" : "3",
			"menu_name" : "춘천",
			"menu_main" : "03",
			"menu_sub" : "09",
			"menu_small" : "05",
			"menu_type" : "1",
			"menu_url" : null
		},
		{
			"id" : 167,
			"menu_kind" : "2",
			"menu_name" : "제주",
			"menu_main" : "03",
			"menu_sub" : "10",
			"menu_small" : "00",
			"menu_type" : "1",
			"menu_url" : null
		},
		{
			"id" : 168,
			"menu_kind" : "3",
			"menu_name" : "서귀포",
			"menu_main" : "03",
			"menu_sub" : "10",
			"menu_small" : "01",
			"menu_type" : "1",
			"menu_url" : null
		},
		{
			"id" : 169,
			"menu_kind" : "3",
			"menu_name" : "제주연동",
			"menu_main" : "03",
			"menu_sub" : "10",
			"menu_small" : "02",
			"menu_type" : "1",
			"menu_url" : null
		},
		{
			"id" : 170,
			"menu_kind" : "1",
			"menu_name" : "이벤트",
			"menu_main" : "04",
			"menu_sub" : "00",
			"menu_small" : "00",
			"menu_type" : "1",
			"menu_url" : "event"
		},
		{
			"id" : 171,
			"menu_kind" : "2",
			"menu_name" : "홈",
			"menu_main" : "04",
			"menu_sub" : "01",
			"menu_small" : "00",
			"menu_type" : "1",
			"menu_url" : null
		},
		{
			"id" : 172,
			"menu_kind" : "2",
			"menu_name" : "영화",
			"menu_main" : "04",
			"menu_sub" : "02",
			"menu_small" : "00",
			"menu_type" : "1",
			"menu_url" : null
		},
		{
			"id" : 173,
			"menu_kind" : "2",
			"menu_name" : "시사회\/무대인사",
			"menu_main" : "04",
			"menu_sub" : "03",
			"menu_small" : "00",
			"menu_type" : "1",
			"menu_url" : null
		},
		{
			"id" : 174,
			"menu_kind" : "2",
			"menu_name" : "HOT",
			"menu_main" : "04",
			"menu_sub" : "04",
			"menu_small" : "00",
			"menu_type" : "1",
			"menu_url" : null
		},
		{
			"id" : 175,
			"menu_kind" : "2",
			"menu_name" : "제휴할인",
			"menu_main" : "04",
			"menu_sub" : "05",
			"menu_small" : "00",
			"menu_type" : "1",
			"menu_url" : null
		},
		{
			"id" : 176,
			"menu_kind" : "2",
			"menu_name" : "우리동네영화관",
			"menu_main" : "04",
			"menu_sub" : "06",
			"menu_small" : "00",
			"menu_type" : "1",
			"menu_url" : null
		},
		{
			"id" : 177,
			"menu_kind" : "1",
			"menu_name" : "스토어",
			"menu_main" : "05",
			"menu_sub" : "00",
			"menu_small" : "00",
			"menu_type" : "1",
			"menu_url" : "store"
		},
		{
			"id" : 178,
			"menu_kind" : "2",
			"menu_name" : "베스트",
			"menu_main" : "05",
			"menu_sub" : "01",
			"menu_small" : "00",
			"menu_type" : "1",
			"menu_url" : null
		},
		{
			"id" : 179,
			"menu_kind" : "2",
			"menu_name" : "관람권",
			"menu_main" : "05",
			"menu_sub" : "02",
			"menu_small" : "00",
			"menu_type" : "1",
			"menu_url" : null
		},
		{
			"id" : 180,
			"menu_kind" : "2",
			"menu_name" : "스낵음료",
			"menu_main" : "05",
			"menu_sub" : "03",
			"menu_small" : "00",
			"menu_type" : "1",
			"menu_url" : null
		},
		{
			"id" : 181,
			"menu_kind" : "2",
			"menu_name" : "포토카드",
			"menu_main" : "05",
			"menu_sub" : "04",
			"menu_small" : "00",
			"menu_type" : "1",
			"menu_url" : null
		}
	]
	