[
	{
		"movie_code" : 1,
		"movie_name" : "오빠, 남진",
		"screening_time" : "84",
		"age_restriction" : "12",
		"view_count" : 6939,
		"screening_start_date" : "20240904",
		"screening_end_date" : "20241004",
		"interest_count" : null,
		"movie_story" : "대한민국 최초의 팬덤으로 음악계를 뒤흔든 ‘영원한 오빠’닿을 수 없는 스타보다, 닿을 수 있는 오빠를 꿈꿨다!여전히 팬의, 팬에 의한, 팬을 위한 뮤지션 남진!쟈니 리, 설운도, 장윤정, 송가인, 박현빈, 장민호 등과 함께뮤지션 남진이 팬들에게 전하는 러브송",
		"movie_genre" : "공연, 다큐멘터리",
		"nationality" : "한국",
		"director" : "정인성",
		"movie_image_name" : "21491_103_1.jpg",
		"registration_date" : "20240904",
		"user_code" : null,
		"image_path" : "",
		"title" : null
	},
	{
		"movie_code" : 2,
		"movie_name" : "새벽의 모든",
		"screening_time" : "119",
		"age_restriction" : "전체관람가",
		"view_count" : 17,
		"screening_start_date" : "20240918",
		"screening_end_date" : "20241018",
		"interest_count" : null,
		"movie_story" : "한 달에 한 번, PMS(월경전증후군) 때문에짜증을 억제할 수 없게 되는 ‘후지사와’(카미시라이시 모네).한층 악화된 증상에 다니던 회사를 도망치듯 그만둔 그녀는아동용 과학 키트를 만드는 작은 회사, ‘쿠리타 과학’으로 이직한다.친절한 동료들과 가족 같은 회사 분위기에 차츰 적응해 가던 중,직장 내 자발적 아웃사이더 ‘야마조에’(마츠무라 호쿠토)의 사소한 행동에또 한 번 참지 못하고 크게 분노를 터뜨린다.그러던 어느 날, 발작 증세를 보이며 쓰러진 ‘야마조에’가극심한 공황 장애를 앓고 있다는 사실을 알게 되고,서로의 고충을 나눈 두 사람 사이에는친구도 연인도 아닌 특별한 우정이 싹트기 시작하는데…",
		"movie_genre" : "드라마",
		"nationality" : "한국",
		"director" : "미야케 쇼",
		"movie_image_name" : "21542_103_1.jpg",
		"registration_date" : "20240918",
		"user_code" : null,
		"image_path" : "",
		"title" : null
	},
	{
		"movie_code" : 3,
		"movie_name" : "조커: 폴리 아 되",
		"screening_time" : "138",
		"age_restriction" : "15",
		"view_count" : 624,
		"screening_start_date" : "20241001",
		"screening_end_date" : "20241101",
		"interest_count" : null,
		"movie_story" : "“더 이상 혼자가 아니야”세상이란 무대에서 폭주하기 시작한 ‘조커’와 ‘할리 퀸’을 확인하라! 2년 전, 세상을 뒤흔들며 고담시 아이콘으로 자리한 ‘아서 플렉’은아캄 수용소에 갇혀 최종 재판을 앞둔 무기력한 삶을 살아간다.그러던 어느 날, 수용소에서 운명적으로 만난 ‘리 퀸젤’은‘아서’의 삶을 다시 뒤바꾸며 그의 마음 속에 잠들어 있던 ‘조커’를 깨우고‘리’ 역시 각성하며 자신을 ‘할리 퀸’이라 지칭하며 서로에게 깊이 빠져든다.무고한 시민을 죽인 죄로 재판에 오르게 된 ‘아서’그는 최후의 심판대에서 ‘할리 퀸’과 함께 자신, ‘조커’의 이야기를 시작하는데…",
		"movie_genre" : "범죄, 드라마, 뮤지컬",
		"nationality" : "미국",
		"director" : "토드 필립스",
		"movie_image_name" : "21476_103_1.jpg",
		"registration_date" : "20241001",
		"user_code" : null,
		"image_path" : "",
		"title" : null
	}
]
