[
  {
    "movie_name": "오빠, 남진",
    "movie_image_name": "21491_103_1.jpg",
    "screening_time": "84",
    "movie_story": "대한민국 최초의 팬덤으로 음악계를 뒤흔든 ‘영원한 오빠’닿을 수 없는 스타보다, 닿을 수 있는 오빠를 꿈꿨다!여전히 팬의, 팬에 의한, 팬을 위한 뮤지션 남진!쟈니 리, 설운도, 장윤정, 송가인, 박현빈, 장민호 등과 함께뮤지션 남진이 팬들에게 전하는 러브송",
    "viewCount": "6939",
    "screening_start_date": "20240904",
    "registration_date": "20240904",
    "screening_end_date": "20241004",
    "age_restriction": "12",
    "user_code": "2",
    "movie_type": "1",
    "movie_genre": "공연, 다큐멘터리",
    "nationality": "한국",
    "director": "정인성",
    "actors": "남진, 쟈니 리, 장윤정, 장민호, 송가인, 설운도, 박현빈",
    "trailers": [
      {
        "trailer_title": "티저 예고편",
        "trailer_image": "21491_109_1.jpg"
      },
      {
        "trailer_title": "메인 예고편",
        "trailer_image": "21491_109_2.jpg"
      }
    ],
    "still_cuts": [
      "21491_103_1.jpg",
      "21491_109_1.jpg",
      "21491_109_2.jpg",
      "21491_201_1.jpg",
      "21491_105_1.jpg",
      "21491_105_2.jpg",
      "21491_105_3.jpg",
      "21491_105_4.jpg",
      "21491_105_5.jpg",
      "21491_105_6.jpg",
      "21491_105_7.jpg",
      "21491_105_8.jpg",
      "21491_105_9.jpg",
      "21491_105_10.jpg",
      "21491_105_11.jpg",
      "21491_105_12.jpg",
      "21491_105_13.jpg",
      "21491_105_14.jpg",
      "21491_105_15.jpg",
      "21491_105_16.jpg",
      "21491_105_17.jpg",
      "21491_105_18.jpg",
      "21491_105_19.jpg",
      "21491_105_20.jpg",
      "21491_105_21.jpg",
      "21491_105_22.jpg"
    ]
  },
  {
    "movie_name": "새벽의 모든",
    "movie_image_name": "21542_103_1.jpg",
    "screening_time": "119",
    "movie_story": "한 달에 한 번, PMS(월경전증후군) 때문에짜증을 억제할 수 없게 되는 ‘후지사와’(카미시라이시 모네).한층 악화된 증상에 다니던 회사를 도망치듯 그만둔 그녀는아동용 과학 키트를 만드는 작은 회사, ‘쿠리타 과학’으로 이직한다.친절한 동료들과 가족 같은 회사 분위기에 차츰 적응해 가던 중,직장 내 자발적 아웃사이더 ‘야마조에’(마츠무라 호쿠토)의 사소한 행동에또 한 번 참지 못하고 크게 분노를 터뜨린다.그러던 어느 날, 발작 증세를 보이며 쓰러진 ‘야마조에’가극심한 공황 장애를 앓고 있다는 사실을 알게 되고,서로의 고충을 나눈 두 사람 사이에는친구도 연인도 아닌 특별한 우정이 싹트기 시작하는데…",
    "viewCount": "17",
    "screening_start_date": "20240918",
    "registration_date": "20240918",
    "screening_end_date": "20241018",
    "age_restriction": "전체관람가",
    "user_code": "2",
    "movie_type": "2",
    "movie_genre": "드라마",
    "nationality": "한국",
    "director": "미야케 쇼",
    "actors": "마츠무라 호쿠토, 카미시라이시 모네, 미츠이시 켄, 시부카와 키요히코",
    "trailers": [
      {
        "trailer_title": "오프닝 예고편",
        "trailer_image": "21542_109_1.jpg"
      },
      {
        "trailer_title": "티저 예고편",
        "trailer_image": "21542_109_2.jpg"
      },
      {
        "trailer_title": "메인 예고편",
        "trailer_image": "21542_109_3.jpg"
      },
      {
        "trailer_title": "미야케 쇼 감독 인사 영상",
        "trailer_image": "21542_109_4.jpg"
      },
      {
        "trailer_title": "배우 2인 인사 영상",
        "trailer_image": "21542_109_5.jpg"
      }
    ],
    "still_cuts": [
      "21542_103_1.jpg",
      "21542_109_1.jpg",
      "21542_109_2.jpg",
      "21542_109_3.jpg",
      "21542_109_4.jpg",
      "21542_109_5.jpg",
      "21542_201_1.jpg",
      "21542_105_1.jpg",
      "21542_105_2.jpg",
      "21542_105_3.jpg",
      "21542_105_4.jpg",
      "21542_105_5.jpg"
    ]
  },
  {
    "movie_name": "조커: 폴리 아 되",
    "movie_image_name": "21476_103_1.jpg",
    "screening_time": "138",
    "movie_story": "“더 이상 혼자가 아니야”세상이란 무대에서 폭주하기 시작한 ‘조커’와 ‘할리 퀸’을 확인하라! 2년 전, 세상을 뒤흔들며 고담시 아이콘으로 자리한 ‘아서 플렉’은아캄 수용소에 갇혀 최종 재판을 앞둔 무기력한 삶을 살아간다.그러던 어느 날, 수용소에서 운명적으로 만난 ‘리 퀸젤’은‘아서’의 삶을 다시 뒤바꾸며 그의 마음 속에 잠들어 있던 ‘조커’를 깨우고‘리’ 역시 각성하며 자신을 ‘할리 퀸’이라 지칭하며 서로에게 깊이 빠져든다.무고한 시민을 죽인 죄로 재판에 오르게 된 ‘아서’그는 최후의 심판대에서 ‘할리 퀸’과 함께 자신, ‘조커’의 이야기를 시작하는데…",
    "viewCount": "624",
    "screening_start_date": "20241001",
    "registration_date": "20241001",
    "screening_end_date": "20241101",
    "age_restriction": "15",
    "user_code": "2",
    "movie_type": "1",
    "movie_genre": "범죄, 드라마, 뮤지컬",
    "nationality": "미국",
    "director": "토드 필립스",
    "actors": "호아킨 피닉스, 레이디 가가, 재지 비츠",
    "trailers": [
      {
        "trailer_title": "2차 예고편",
        "trailer_image": "21476_109_1.jpg"
      }
    ],
    "still_cuts": [
      "21476_103_1.jpg",
      "21476_109_1.jpg",
      "21476_201_1.jpg",
      "21476_105_1.jpg",
      "21476_105_2.jpg",
      "21476_105_3.jpg",
      "21476_105_4.jpg",
      "21476_105_5.jpg"
    ]
  },
  {
    "movie_name": "위국일기",
    "movie_image_name": "21598_103_1.jpg",
    "screening_time": "139",
    "movie_story": "절연한 언니가 갑작스러운 사고로세상을 떠났다는 소식을 접한 소설가 ‘마키오’는홀로 남은 조카 ‘아사’의 존재를 알게 된다사람들은 하루아침에 혼자가 된‘아사’를 향해 수군거리고이를 참지 못한 ‘마키오’는 홧김에‘아사’를 집으로 데려오는데… 서로 다른 우리가 함께 살 수 있을까?",
    "viewCount": "1297",
    "screening_start_date": "20241002",
    "registration_date": "20241002",
    "screening_end_date": "20241102",
    "age_restriction": "12",
    "user_code": "2",
    "movie_type": "2",
    "movie_genre": "드라마",
    "nationality": "일본",
    "director": "세타 나츠키",
    "actors": "아라가키 유이, 하야세 이코이, 카호, 세토 코지, 코미야마 리나, 소메타니 쇼타, 나카무라 유코",
    "trailers": [
      {
        "trailer_title": "메인 예고편",
        "trailer_image": "21598_109_1.jpg"
      },
      {
        "trailer_title": "30초 예고편",
        "trailer_image": "21598_109_2.jpg"
      }
    ],
    "still_cuts": [
      "21598_103_1.jpg",
      "21598_109_1.jpg",
      "21598_109_2.jpg",
      "21598_201_1.jpg",
      "21598_105_1.jpg",
      "21598_105_2.jpg",
      "21598_105_3.jpg",
      "21598_105_4.jpg",
      "21598_105_5.jpg"
    ]
  }
]